,0
aav,1.0
ability,0.6935470619952767
able,1.0
absolute,1.0
absolutely,1.0
according,1.0
act,1.0
actually,1.8171945228933053
adam,1.5380928542841883
adamant,1.0
add,1.0
adding,1.0569556677147804
address,2.9191675671124355
age,1.0
agency,2.1802486647068458
agent,3.568556099681124
ago,1.0
agree,3.76286095440655
agreed,1.2737880101546168
agreement,1.25525908968217
ahead,1.0
aiyuk,0.0388786290465831
aj,14.952074036403966
alabama,1.0
allowed,1.0
almost,1.0
along,1.0
already,1.2688491529100179
also,1.0
although,1.0
always,1.0
amazing,1.0
among,3.7432565566433658
amount,3.1634923409349422
anderson,1.0
andrew,1.0
another,1.0
anybody,3.1088882348286133
anyone,2.1360382981709285
anything,1.9922610334934183
anywhere,1.0
appreciate,1.194865550836341
april,0.18695311415781438
arcega,0.1764680605041316
archer,7.989028423847723
arizona,1.070366621410435
around,1.0
article,0.8505336974318951
ask,0.6889927144169229
asking,1.0
athletic,1.0
attack,0.22934771824475822
attempt,1.0
authentic,1.0
available,1.0882325821919219
average,1.0
away,0.17586957569017622
awesome,0.14564035565230796
back,2.2039893612930017
backup,1.0
bad,3.174663748219161
ball,1.0
barnett,0.2980928239229182
base,1.0
based,1.0
basically,1.877850703864458
baun,1.0
baylor,0.8487563864450405
bear,0.6546383254479078
beat,1.0
became,1.0
become,1.300202391999741
becomes,1.0
begin,1.0
beginning,1.0
behind,1.2447404526735313
believe,1.1310199689879885
best,0.7220339534248871
better,1.4549293346027834
big,0.6008906231106297
biggest,1.0
bill,1.1179456096219385
bird,0.08725478328957108
birthday,1.0
bit,1.8540404373751045
blocker,1.0
blocking,1.0
blogging,4.587135898845059
board,1.0082448132839188
boise,4.963906395596014
bonus,0.9409829890863074
bored,0.8980265362444596
bottom,1.0
boundary,1.0
bowl,1.0
box,0.2561873935615877
boy,3.3084567375153457
bpa,1.0
brady,1.0
brandin,0.25206996489246625
break,1.0
breakdown,0.08896970887516381
breaking,1.7974605118950382
bring,4.138221800461742
bringing,0.6730366505867168
broke,0.15116143220832737
bronco,1.0
brook,1.0
brought,0.42508578213679027
bucs,1.7835891675182063
build,0.4052806844766923
burrow,1.0
burton,0.3436923690376341
call,1.0327844176745409
called,1.0
came,0.28113051152629565
camp,1.7021307431353498
cap,1.0
card,1.0
career,3.804397716003885
carolina,1.0
case,1.0
catch,1.3214386286628634
cb,1.4147869094552261
cba,3.6100239701678167
cbs,6.096329958018804
ceedee,1.0
center,0.6174993828354532
chaisson,1.3079889395042417
chance,1.0
change,1.977959585214659
changing,2.652575071310053
charger,0.7186600620426914
chart,1.0
chase,1.0
cheap,1.0
cheaper,1.0
check,1.0
chief,1.0
chinn,0.750151749824257
choice,0.17585607617772875
choose,3.5739542140473617
chris,1.0
city,1.0
cj,1.0656039859396789
class,1.0
claypool,1.479458645401548
clear,0.3325760243147223
clemson,1.0
cleveland,1.0
clock,1.0
close,2.434782464709816
clowney,0.9492689477057314
co,1.2364409779540155
coach,1.0
college,0.33000353408715766
color,1.0
colt,1.0
combine,1.0
come,0.8696045728080664
comeback,1.0592750276577798
coming,0.6374364811532235
comment,0.21556981791134905
community,0.33531409056786693
comp,1.0
comparison,1.0
competitive,1.327326621892044
completely,1.0
concern,1.0
consensus,0.7964788491665299
consider,1.0
considering,0.5521861767694034
continue,1.0
contract,2.3073272927267086
conversation,0.7837016169085071
cook,0.32419804181780176
cool,10.142891274675383
coop,2.532108056049049
core,1.0049906851467578
corner,1.0
cornerback,4.7430360780067025
coronavirus,0.7769559765466436
cost,1.0
could,1.0
couple,0.8013026308413292
course,1.0
cover,1.0
coverage,1.0
covid,0.6100749302202354
crazy,0.598170162757424
create,1.0
credit,0.34195937263058307
curious,0.699484553398294
current,1.0
currently,0.9413971042936704
cut,1.2689251189098691
damn,1.7214398159057767
damon,1.0
davis,1.0
day,0.4429473774682657
db,6.421717639782763
de,1.5087318158971947
deadline,0.6647710294233011
deal,1.957230334536924
decade,0.48257520489828115
decent,1.0
decided,0.39720541635086065
decision,1.0
deep,1.0
defender,1.0
defense,1.0
defensive,1.0
definitely,1.9896863735097274
delpit,1.2759062726116837
denver,1.0
denzel,0.11092579725189547
depth,0.5582382921511777
derrick,8.643657162286086
despite,1.0
detail,1.0909300300232383
develop,0.7769783647035609
devin,2.584212547851095
difference,1.0
different,1.0
disagree,0.5175718825891784
discus,1.0
discussion,1.0
distancing,1.0
dj,1.0
dl,1.0
doe,1.1373443079698993
dolphin,14.564587980231519
done,1.0
double,1.0
draft,0.8340682745005691
drafted,0.7239121849858717
drafting,1.0
drive,1.0
drop,1.0
dt,1.0
dude,1.0
due,1.7754024429600406
duo,0.08503569721790119
early,0.22437738070718496
easily,33.63335731600411
easy,0.4180915524665885
edge,1.0
edit,1.0
edward,9.631005402685247
either,1.0
elite,1.0
else,1.1600217743773475
emmanuel,6.647386468493327
end,1.0
ended,1.2068861112440448
enjoy,1.0410129093881388
enough,1.0
entire,11.645689560246117
epenesa,1.0
er,1.507577306199192
era,1.2002920626549567
eric,0.28826995356375185
especially,0.5980275415674162
espn,1.6388724208436882
even,1.0
ever,0.23813996117054154
every,1.3952149930283386
everyone,1.4176388399422906
everything,1.0
exciting,0.3622822747498246
expect,3.423012921344678
expected,0.32743847550828187
experience,1.0
explosive,1.0
extended,1.0
extension,1.0
eye,1.0
fa,1.0
face,1.0587868993216774
facetime,1.0
fact,2.4459691590232713
fair,1.0
falcon,1.78939994196511
fall,1.0
family,0.3263077001111775
fan,1.0
fantastic,1.0
far,1.0
favorite,0.9719884201002195
fb,1.3458299778496023
feel,1.0
feeling,1.0
felt,1.0
field,1.1655822225766808
figured,0.43862243146660873
fill,1.0
film,1.2223560572838779
finally,0.2867205396399582
find,1.0
finding,0.23753383727988647
fine,1.0
finished,1.0
fire,1.0
first,1.0
fisher,10.04446949104665
fit,1.6865776334914395
five,1.0
florida,0.9184451580362457
fly,0.12821963534761685
focus,1.0
football,1.0
form,0.9232781680962932
former,1.0
forward,0.3325146180246783
found,0.7449748554604604
four,1.1227311883386502
franchise,1.0
free,1.4483640397654425
friday,1.420577559722877
friend,0.8531261187558539
front,1.0
fuck,0.10837298289759961
full,1.0
fully,3.8050780833732283
fulton,1.0
fumble,1.1286114083368963
fun,0.9777072538787879
future,1.0
game,1.0610926711706394
gamepass,5.895718218218603
garafolo,1.3547323128582696
gave,1.0
general,1.0
gerry,1.0
get,1.0
getting,1.0
giant,0.8921081187503043
gift,1.1692668491512541
give,1.0
given,1.0
giving,1.8646535057094618
gm,0.7150684793716011
go,1.0493558730733514
god,1.0
goedert,1.0
going,1.0
golden,1.106357973229353
gone,1.0
gonna,0.17913405058687465
good,1.0
google,0.6618590946892263
got,1.0271819233480954
grade,1.0
grant,1.0
great,0.8242741906794503
greatest,2.65415512034199
green,0.12015949202923167
group,12.579378549711885
guaranteed,1.0
guess,3.2627314536671457
guy,1.0
half,12.572843811244732
hall,1.0
hamler,1.0
hand,1.0
happen,0.16098254461096748
happens,1.0
happy,2.6104479924677424
hard,0.6990795431069191
harris,1.0
harrison,3.4593371135085444
hate,0.3954567547115299
head,1.0
health,0.13480906645658053
healthy,0.30536774461511945
hear,3.0118180617872135
heard,1.0
hearing,1.6874430339625588
heart,1.0
held,0.5523457157354773
hell,2.88208469628661
helmet,0.6001775017107477
help,1.0
henderson,1.1130577317125596
henry,1.0025985861577138
herbert,1.0
hey,1.0
hi,2.3039791758223904
higgins,0.6244680216390506
high,1.0
higher,1.0
highest,1.0
highlight,1.0
hill,0.5185759716233911
history,0.7234480411494169
hit,1.0
hold,1.0
holding,0.07139132362898686
hole,2.1674922087177206
home,1.0
hope,1.0
hopefully,1.0
hoping,1.0
hopkins,1.0
hour,1.0
howard,1.0
however,0.6832919816012312
huge,2.1990943210059926
hurt,2.594365645802333
id,1.0
idea,0.5550434690198243
ideal,1.0
im,1.0
important,0.7039536278343176
improve,5.127435761135314
include,1.0
included,1.0
including,1.0332945078555575
incredible,0.17330514083732745
info,1.0
injury,1.0
inside,0.7470683114432298
instagram,0.20561703976094914
instead,0.6529055414804986
interception,1.0
interest,0.6093705340616375
interested,1.0
interesting,1.7481268781194654
interview,2.244144666967239
issue,0.7264458522037148
jag,0.1006679426016553
jaguar,1.0
james,1.0
jefferson,0.3282807769176309
jersey,0.3219277963751593
jet,1.0
jeudy,0.7676676058164502
jimmy,1.0
jj,1.0
jjaw,0.8221944545707428
john,9.373070444547794
josh,1.0
jourdan,1.4981785078517318
jr,0.11075350395610853
jump,1.0
justin,0.6292557688232576
keep,0.9116262729562051
keeping,9.406396445403061
kelly,0.141213756146835
kenneth,0.11733905144803006
key,8.227393680688943
kid,0.20873124347473498
kind,0.8052046420507829
kinda,1.0
kinlaw,3.204870553981014
knack,1.0
know,1.3248874515358084
kristian,1.0
la,1.0
lack,1.0
lamb,0.27634721086223557
land,1.0
last,0.9896667073045348
late,0.7686505751576461
later,0.36959292282173034
latest,1.4959634567433597
lavon,1.0
lb,1.0
le,2.494524359050866
leader,1.0
league,1.0
learn,0.21453931791252967
least,1.0
leave,0.33264706346810985
leaving,1.3480986952332004
left,2.0000507916153665
let,1.068446479111251
letter,1.0
level,1.0
leverage,5.484065337726429
lewis,2.602890938319751
life,9.432716559427085
like,1.0
likely,1.0
limited,1.3683377910727323
line,1.019476705077194
linebacker,1.0
lineman,2.6611847907675585
link,1.0
lion,1.0
list,1.0
listening,0.3728126372306986
literally,8.163311317073074
little,1.0
live,0.1311383388925301
logan,1.0
lol,0.3420532475118822
long,2.0711931664985594
longer,1.0
look,2.514874628076263
looked,0.21198663791344688
looking,0.9526765909091922
losing,5.4458817263103585
lost,6.162315141246892
lot,1.0
love,1.0
low,0.07316541867108534
lsu,1.0
lt,1.0
luck,0.41806168340459693
lucky,0.28456898771276395
lve,1.0
machine,4.7214954052202565
madden,0.1288804811338279
made,1.0926921955986277
make,1.0
making,0.5900449227510552
man,0.6157454179339407
many,1.0
march,3.1024749908227536
marcus,1.0
market,1.0
massive,1.0
match,1.0
matter,1.9007310023923525
max,0.341677252441709
may,1.0
maybe,1.0
mckinney,1.0
mcleod,0.1710347859717409
meadowlands,0.11751308177033286
mean,1.1673782813503784
medium,9.093778491095463
meeting,0.18741454599870058
melo,0.01572532541339384
member,1.0
meme,6.775212991929566
mention,0.5792463391293372
message,0.11851205857431113
met,1.0
mid,1.0
middle,1.0
might,0.6964725143134797
mil,1.0
mile,0.24640288025355767
mill,0.5162952213849048
million,1.0
mims,0.6710817460964418
mind,2.311074795412591
miracle,0.11751308177033286
miss,0.7755235724651708
missed,1.0
missing,0.03626719573919414
mock,1.4728942867651065
moment,0.678505831456884
monday,0.004029798605835687
money,5.689236703674163
month,0.2978961177515831
move,1.0
moving,0.9203567324350674
much,1.1668713326535993
multiple,1.0
must,11.55417921303518
name,1.0
nate,0.250587053305513
nation,0.8539666173634098
nd,1.0
need,1.0
needed,1.0
negotiation,1.4415185116794904
never,1.4297530132265777
new,1.5942342504031137
news,1.0
next,1.0252163724328398
nfc,1.0
nfl,1.3769017572622493
ngakoue,1.0
night,1.7461872492701174
note,1.0
nothing,1.0
number,0.8295238714859413
obj,0.16065902993114498
obviously,1.0
offense,1.1222249737711119
offensive,4.689881440184068
offer,1.3132901583054084
office,4.579434065638872
official,1.3107455436161812
offseason,2.3922652744232065
ok,0.17138941874468733
oklahoma,1.0
okudah,1.0
old,1.0
one,1.0
open,1.0
opinion,0.48969426653188436
opportunity,0.1186407211524373
option,1.3031228115248499
order,0.4011336737657014
ot,1.0
outside,0.31350778501078985
overall,1.0
paid,1.4969310953430246
panther,1.0
park,0.1597806485022795
part,1.0
party,9.831571881762672
pas,1.0
pass,7.064408988183631
passer,1.045052875476823
passing,2.0131339020446517
past,1.0
patrick,1.0
pay,4.99864662917563
paying,1.0
people,0.46584575898226155
per,0.40576513464402325
perfect,1.0
person,0.3482449673896918
personal,4.953664015197271
personally,1.0
peter,0.08026914877173294
physical,1.0
pick,1.0
pierre,0.392631652853735
place,2.0793550015097515
plan,0.5046515962938153
play,1.0
played,1.0
player,1.0
playing,1.67335415458538
playmaker,0.9518202867227887
playoff,1.0
please,1.2090464467866118
plus,2.0062442377579277
po,1.0
podcast,1.692069207365922
point,1.0
poll,0.21308177779959
poor,5.558768076124439
position,1.0
possible,0.5292623107362915
post,1.0
posted,6.71218259959734
potential,0.5458949609837785
potentially,0.11743630379625855
power,1.0
pre,1.0
prediction,1.0
prefer,1.0
present,0.8499855273340898
press,1.0
pretty,2.2211536140413743
price,0.3358819790030438
pro,1.0
probably,1.0
problem,2.0772353807609374
process,0.19119540316695202
production,1.0
productive,1.0
program,12.128354040141005
project,1.0
projected,1.0
prospect,1.0
proven,1.0
provide,1.0727917634555795
pull,0.5280288778513678
put,1.150482268697391
qb,1.0
qbs,1.0
quarantine,0.4953098691238295
quarterback,1.0
queen,0.09078806630897224
question,1.0
quick,1.0
quite,0.7727232299962156
raider,1.0
ram,1.599478392930963
ran,1.0
range,1.0
rank,1.0
ranked,1.0
rapoport,1.3072002553685251
rather,1.1865086304792312
rating,2.360269229353278
raven,0.1544261355768137
raw,1.0
rb,1.0
rd,0.8249837162901279
reach,1.0
read,0.08830188501373862
reagor,1.0
real,1.0549425292588397
really,1.160408333781882
reason,0.40543242514216726
rec,1.0
receive,1.0
receiver,1.0
receiving,0.4912409526147828
recently,1.0
record,0.45356980789702955
redskin,1.5437891423090706
regular,0.4934392086599297
related,1.0
release,6.747932133431311
released,2.2975034728222075
releasing,1.0
reliable,0.8365195404030721
remaining,0.21291911477515876
remember,0.37040189990501393
removed,1.0
replace,3.0704175624130827
replacement,1.0
report,1.0
resource,1.3220549350632875
result,1.0
retired,1.0
retirement,1.8819621610308805
retires,10.57122919192221
retiring,1.0
return,0.7027910794778001
rex,1.0
ridgeway,1.0
right,2.396099832041903
ring,1.0
rival,2.1420582078705936
road,1.0
role,1.0
rookie,1.0
room,4.273992365230074
roster,1.0
round,1.0
rounder,0.813460983765639
route,1.0
rt,1.0
ruggs,1.0
rule,1.0
rumor,0.4340210227458943
run,1.0
runner,1.0
running,1.0
rusher,4.3496009901851265
rushing,2.9557979288376233
ryan,1.5343807954663775
sack,1.0
safe,0.49401290417288457
safety,1.0
said,1.2635390414203278
salary,14.956549402934966
san,0.47356801708169693
sander,1.0
save,1.0
saw,1.1631949280686524
say,1.0
saying,1.2205866768816747
scenario,2.4802948591025102
schefter,0.3883933411233681
scheme,0.6915205380355046
school,0.03693479215972563
score,1.0
scouting,0.32773943313998444
seahawks,1.080383458468614
season,1.0
seattle,1.0
second,1.0
secondary,0.16628150187212734
section,1.0
see,1.0
seeing,1.0
seem,1.3361796190820598
seemed,0.0907653794389924
seems,1.5750478512028412
seen,1.1840737453884513
select,2.0618415699701216
selection,1.2272324397505434
sense,0.8940198048418048
seriously,0.5341371428310334
set,1.0
sf,7.237000719785142
share,1.3300010415237982
sharing,0.7065672673756059
shenault,1.0
shirt,1.0
short,1.0
show,1.0
showed,1.0
shown,0.18563910733314926
si,0.7822410073106596
side,8.203639710802918
sign,3.4124739058413716
signed,1.9145816373001439
signing,1.6049856130240827
similar,1.8214112500928399
simmons,1.0
since,1.1442673305412607
single,1.0
sit,1.0
situation,1.0
size,0.3035650910861521
skill,0.36003502923329306
slater,7.714417757029254
slot,1.0
small,1.5071534830895323
snap,1.0
social,4.59406700724894
solid,1.0
someone,1.0
something,2.1305440125554105
sorry,0.036551502976256554
source,1.538667456273977
space,1.45872314350669
special,1.0
speed,0.3506828216772149
sport,0.47583945886834617
spot,0.48707640511321515
spreadsheet,1.0
st,0.8611734002273461
stand,0.14373611826073227
star,2.4681754492802135
start,1.9045797010242396
started,1.0
starter,1.0
starting,2.40361936918424
state,1.5042637606232558
stats,1.0
stay,1.9036172261130702
steal,1.0
steelers,14.25214994813961
step,1.0
still,1.0
stint,1.0
stop,1.0
story,1.0
straight,1.0
strength,12.335865202315803
stretch,1.0
strong,1.144208231244911
sub,0.22608845532117372
subreddit,0.8251528451466256
success,6.2706605505634165
suck,33.34317293681042
super,1.0
superbowl,0.5029183394499536
support,0.0904308019288048
sure,1.0
surprise,0.4211102920853204
system,1.0
table,1.0
tackle,1.0
tag,7.569453057056766
tagged,3.130089393771578
take,1.0
taken,1.0
taking,0.2734365848483498
talent,1.0
talented,1.0
talk,1.0
talked,1.0
talking,3.1589757279217734
tampa,16.50179687526376
tape,1.0
target,1.5407344322668746
taylor,0.4207387743731103
tcu,1.0
td,1.0
tds,0.3732581629232172
te,1.1943147973885995
team,1.0859092127690906
tech,1.0
tee,0.16898099455912427
tell,2.5502384335259887
tennessee,2.2269865349598947
term,2.3783162636035327
texan,0.7072534960952245
th,0.6694197809876459
thank,4.654270143013655
thanks,1.0
thing,1.1885679864488607
think,1.0
thinking,1.840465806831301
third,1.0
thomas,1.0
though,0.23791490686409067
thought,1.287235938370266
thread,1.9926561133704728
threat,1.0
three,1.0
throw,3.4130088987410203
throwing,1.0
tier,1.0
tight,0.4031876309129255
time,1.6748344589251385
title,1.5409497410873085
today,0.9227931021061279
together,1.0
told,1.641351844379241
tom,2.5678874957931113
ton,1.0
tonight,0.397330393163373
took,1.0
top,1.0
total,0.44246623108546407
touchdown,1.0
tough,1.0
towards,1.0
trade,1.0
traded,0.18410357270677152
trading,0.7962900606070301
training,0.3473405149033281
transition,1.0
trey,0.3436923690376341
tried,0.7463130119263626
trigger,0.5972118067900464
true,1.0
try,0.8499995677387631
trying,0.8443612825118666
trysten,1.0
tua,1.0
turn,1.0
turned,1.0
twitter,0.3297773721026102
two,0.43609950835956424
type,1.0
understand,0.10594277754827534
uniform,0.37654241398362465
upcoming,0.3560153438165933
update,20.374808408965855
use,1.0
used,1.0
using,1.0
usp,1.0
utah,1.0
utm,1.0
value,0.9066232465515468
vega,1.0
versatile,1.0
veteran,6.076990847553814
via,0.8846132883345662
video,0.8127047540526209
view,0.3179266237365364
viking,0.8096554585525383
virtual,0.07589143052272586
visit,5.540078204598522
vote,1.0
wa,1.0
wait,1.0
walk,11.70255552766541
walker,9.39729773256514
wallpaper,0.5398925170449381
want,1.0
wanted,1.9152528026374604
ward,0.8033048198540863
washington,1.0
watch,1.0
watched,1.898410106030995
watching,1.445389349437272
watkins,1.0
way,0.28622213411854425
weapon,1.0
wear,1.0
week,0.4055359916255374
welcome,0.4327168571620569
well,0.41057638085028475
went,1.0
whatever,1.0
whole,1.0
wide,0.3247151204287991
williams,0.9405279643837724
willing,1.0
wilson,0.26198692075333097
win,1.0
winfield,2.048310411289624
wing,0.6156549613915736
winning,1.0
wish,5.802740728362822
without,4.545433181507277
wondering,0.11331627492653135
wood,1.0
work,0.5139101837631372
working,1.0
world,0.6596555114108218
worst,0.4037549430988298
worth,1.0
would,1.0
wr,0.654013787359891
wrong,1.0
wrs,0.15442543756997304
xavier,1.0
xfl,6.050896209653105
yannick,0.12278676922451381
yard,1.0
yeah,1.2645439050574143
year,1.0
yes,0.7086990832482104
yesterday,1.2065664344534666
yet,1.0
young,0.4002957142004608
youtube,1.0
yr,3.8005574191297646
zone,0.7375284075812827
